{
    "Envelopes": {
        "Envelpope_ID": [ 1, 1, 1, 1, 1, 1, 1, 1, 1, 2, 2, 2, 2, 2, 2, 2 ],
        "CG_MAC": [ 20, 20, 28, 38, 38, 43, 43, 34, 20, 20, 20, 28, 38, 38, 43, 34 ],
        "CG_Imp": [ 875, 875, 900, 1000, 1000, 1200, 1200, 950, 875, 875, 875, 900, 1000, 1200, 1200, 875 ],
        "CG_SI": [ 22.225, 22.225, 22.86, 25.4, 25.4, 30.48, 30.48, 24.13, 22.225, 22.225, 22.225, 22.86, 25.4, 30.48, 30.48, 22, 225 ],
        "Weight_Imp": [ 71700, 98000, 129720, 129720, 119840, 102200, 94000, 71700, 71700, 71700, 98000, 125000, 125000, 102200, 94000, 71700 ],
        "Weight_SI": [ 32522.58942, 44452.0748, 58840.032072, 58840.032072, 54358.537184, 46357.16372, 42637.7044, 32522.58942, 32522.58942, 32522.58942, 44452.0748, 56699.075, 56699.075, 46357.16372, 42637.7044, 32522, 58942 ]
    }
}
